{
 "meta": {
  "Q_pdf": 360.0,
  "alphaD": 0.2,
  "tanb": 1,
  "yq": 1,
  "ychi": 1,
  "note": "MSTW2008nnlo central; sigma is total (K-factors incl.), mDM=mB/(2-alphaD^2/4)"
 },
 "pdf": {
  "0": {
   "x": [
    0.001,
    0.0012789453026538732,
    0.001635701087180407,
    0.0020919722219952127,
    0.0026755180466031627,
    0.003421841237868781,
    0.004376347777599588,
    0.00559710943294071,
    0.0071583968176992035,
    0.00915519798452883,
    0.011708997457179347,
    0.014975167296645662,
    0.01915241987050087,
    0.02449489742783179,
    0.03132763400431389,
    0.04006633035307697,
    0.051242644999646085,
    0.06553654011785734,
    0.08381765013592071,
    0.10719818992082153,
    0.13710062145223242,
    0.17534419579725943,
    0.2242556355625259,
    0.28681069169635126,
    0.36681518689595655,
    0.469136560222686,
    0.6
   ],
   "xf": [
    35.33562366678079,
    30.89710162385804,
    26.92587591724952,
    23.33892531649227,
    20.154016138414498,
    17.341059689409047,
    14.826151037864939,
    12.61670377703214,
    10.664415695922651,
    8.952167228198213,
    7.454940127984532,
    6.149990910747411,
    5.020956592365707,
    4.044886509540595,
    3.2099465656895094,
    2.501289390149281,
    1.9063721904609445,
    1.4139025191178487,
    1.0157043821679854,
    0.7010912044364317,
    0.4605788823668455,
    0.28381727490009884,
    0.16044555550555226,
    0.08024447922159264,
    0.03334832768519483,
    0.01023219325872534,
    0.0017876039163447492
   ]
  },
  "1": {
   "x": [
    0.001,
    0.0012789453026538732,
    0.001635701087180407,
    0.0020919722219952127,
    0.0026755180466031627,
    0.003421841237868781,
    0.004376347777599588,
    0.00559710943294071,
    0.0071583968176992035,
    0.00915519798452883,
    0.011708997457179347,
    0.014975167296645662,
    0.01915241987050087,
    0.02449489742783179,
    0.03132763400431389,
    0.04006633035307697,
    0.051242644999646085,
    0.06553654011785734,
    0.08381765013592071,
    0.10719818992082153,
    0.13710062145223242,
    0.17534419579725943,
    0.2242556355625259,
    0.28681069169635126,
    0.36681518689595655,
    0.469136560222686,
    0.6
   ],
   "xf": [
    1.876600312888133,
    1.6966115240181507,
    1.5333625404941307,
    1.3847998700978026,
    1.2514182122170847,
    1.1323757724432737,
    1.0257131946516342,
    0.9316298554630111,
    0.8485064009235077,
    0.7756672913962158,
    0.7120250229382193,
    0.6563307077620845,
    0.6076053917013718,
    0.5641210189168516,
    0.5246665189694689,
    0.48775244717753324,
    0.45179168214030235,
    0.41515940589990985,
    0.37668827384119835,
    0.33486107261579856,
    0.2885848404188742,
    0.2371970876005464,
    0.18114156295588754,
    0.12292961147819693,
    0.06823164530086974,
    0.026234250791372326,
    0.00480953030071561
   ]
  },
  "2": {
   "x": [
    0.001,
    0.0012789453026538732,
    0.001635701087180407,
    0.0020919722219952127,
    0.0026755180466031627,
    0.003421841237868781,
    0.004376347777599588,
    0.00559710943294071,
    0.0071583968176992035,
    0.00915519798452883,
    0.011708997457179347,
    0.014975167296645662,
    0.01915241987050087,
    0.02449489742783179,
    0.03132763400431389,
    0.04006633035307697,
    0.051242644999646085,
    0.06553654011785734,
    0.08381765013592071,
    0.10719818992082153,
    0.13710062145223242,
    0.17534419579725943,
    0.2242556355625259,
    0.28681069169635126,
    0.36681518689595655,
    0.469136560222686,
    0.6
   ],
   "xf": [
    1.9145969383482975,
    1.7362927839355837,
    1.5747588694150347,
    1.428147223945632,
    1.2968811146462345,
    1.1802417011408135,
    1.0765092957797313,
    0.9858563320931303,
    0.9071776239610415,
    0.8400148598053758,
    0.7836655171505763,
    0.7373407791508444,
    0.7004108691652625,
    0.6716269539634572,
    0.6498040752078026,
    0.633468645521685,
    0.6205096942242653,
    0.6077020842066777,
    0.5924381722432213,
    0.5701831717424831,
    0.536177573421481,
    0.48508987473925075,
    0.41259818355369393,
    0.3183560490877912,
    0.21051297972210026,
    0.10801267402542379,
    0.03465975825260264
   ]
  },
  "5": {
   "x": [
    0.001,
    0.0012789453026538732,
    0.001635701087180407,
    0.0020919722219952127,
    0.0026755180466031627,
    0.003421841237868781,
    0.004376347777599588,
    0.00559710943294071,
    0.0071583968176992035,
    0.00915519798452883,
    0.011708997457179347,
    0.014975167296645662,
    0.01915241987050087,
    0.02449489742783179,
    0.03132763400431389,
    0.04006633035307697,
    0.051242644999646085,
    0.06553654011785734,
    0.08381765013592071,
    0.10719818992082153,
    0.13710062145223242,
    0.17534419579725943,
    0.2242556355625259,
    0.28681069169635126,
    0.36681518689595655,
    0.469136560222686,
    0.6
   ],
   "xf": [
    1.1726169818876515,
    1.0302773811785308,
    0.9018509422984403,
    0.785082632878238,
    0.6804686990334623,
    0.587167722623016,
    0.5031365119002118,
    0.4285801517287331,
    0.36214479061805016,
    0.3033714217138626,
    0.2515654376809478,
    0.20611089213007522,
    0.16657847565226835,
    0.13236016677835435,
    0.10313696417787743,
    0.07850774938081534,
    0.05812149995465157,
    0.041589322185891536,
    0.028616106500662042,
    0.018760086605668053,
    0.011594465546175539,
    0.006646382903563989,
    0.00344891647057452,
    0.0015580038373277393,
    0.0005730362670060431,
    0.00015095540384829685,
    2.1419994446005607e-05
   ]
  }
 },
 "sigma": {
  "750": {
   "mB": [
    100,
    150,
    200,
    250,
    300,
    350,
    400,
    450,
    500,
    550,
    600,
    650,
    700,
    750,
    800,
    850,
    900,
    950,
    1000
   ],
   "sigma": [
    0.009750958874833321,
    0.02364655276776081,
    0.049923654690876,
    0.09930786046455536,
    0.21259458443774337,
    0.8824047300817517,
    0.9480029967021041,
    1.0612894682790037,
    1.2639878068186596,
    1.634543064360976,
    2.412728379536012,
    4.523278246548469,
    14.29371359404567,
    76.74615497953916,
    8.811734775028627,
    2.407111622900178,
    1.0448849955713206,
    0.5619102326636184,
    0.3415833150831505
   ]
  },
  "950": {
   "mB": [
    100,
    150,
    200,
    250,
    300,
    350,
    400,
    450,
    500,
    550,
    600,
    650,
    700,
    750,
    800,
    850,
    900,
    950,
    1000
   ],
   "sigma": [
    0.0037352885765101463,
    0.008899345645990132,
    0.018307868029767013,
    0.03514904764042284,
    0.0717927949896395,
    0.2802301596226731,
    0.2778119158741646,
    0.27963697512792535,
    0.2884134241929533,
    0.3047531636211488,
    0.33307809023682444,
    0.3816775893596447,
    0.46184487093618315,
    0.609761734352158,
    0.9164056688650056,
    1.726339592245751,
    5.205548098140758,
    17.52676447622009,
    3.2141290587816975
   ]
  }
 }
}